type,repo_name,created_at,payload_action
PushEvent,henryzhan013/leetcode-solutions,2026-02-10T14:59:58Z,
PushEvent,henryzhan013/roadtrip-planner,2026-02-09T23:13:22Z,
CreateEvent,henryzhan013/roadtripplanner,2026-02-06T22:07:46Z,
PushEvent,henryzhan013/roadtrip-planner,2026-02-06T22:03:09Z,
PushEvent,henryzhan013/roadtrip-planner,2026-02-06T05:36:14Z,
PushEvent,henryzhan013/polars,2026-02-05T16:33:20Z,
PushEvent,henryzhan013/polars,2026-02-05T16:31:08Z,
PushEvent,henryzhan013/roadtrip-planner,2026-02-05T15:45:20Z,
PushEvent,henryzhan013/polars,2026-02-02T22:56:33Z,
PushEvent,henryzhan013/roadtrip-planner,2026-02-01T23:17:11Z,
PushEvent,henryzhan013/roadtrip-planner,2026-02-01T23:15:23Z,
PushEvent,henryzhan013/roadtrip-planner,2026-01-27T22:13:19Z,
CreateEvent,henryzhan013/roadtrip-planner,2026-01-27T19:29:08Z,
DeleteEvent,henryzhan013/polars,2026-01-27T19:06:11Z,
PushEvent,henryzhan013/polars,2026-01-27T19:02:37Z,
PushEvent,henryzhan013/polars,2026-01-27T17:55:06Z,
CreateEvent,henryzhan013/polars,2026-01-27T17:53:45Z,
IssueCommentEvent,pola-rs/polars,2026-01-27T00:09:08Z,created
PullRequestReviewEvent,pola-rs/polars,2026-01-26T14:20:03Z,created
PullRequestReviewCommentEvent,pola-rs/polars,2026-01-26T14:20:02Z,created
IssueCommentEvent,pola-rs/polars,2026-01-25T22:43:34Z,created
PullRequestEvent,pola-rs/polars,2026-01-25T22:09:32Z,opened
PushEvent,henryzhan013/polars,2026-01-25T22:06:16Z,
PushEvent,henryzhan013/leetcode-solutions,2026-01-25T06:15:12Z,
PushEvent,henryzhan013/leetcode-solutions,2026-01-25T05:13:09Z,
PushEvent,henryzhan013/leetcode-solutions,2026-01-25T00:28:51Z,
PushEvent,henryzhan013/leetcode-solutions,2026-01-25T00:20:59Z,
PushEvent,henryzhan013/leetcode-solutions,2026-01-25T00:12:52Z,
PushEvent,henryzhan013/leetcode-solutions,2026-01-25T00:04:30Z,
CreateEvent,henryzhan013/leetcode-solutions,2026-01-24T23:47:00Z,
ForkEvent,pola-rs/polars,2026-01-24T18:00:56Z,forked
IssueCommentEvent,pola-rs/polars,2026-01-23T23:03:35Z,created
